date,day,exercise,weightKg,setNumber,reps,setStatus,outcome
2026-09-08,push-a,Flat DB bench press,16,1,10,done,success
2026-09-08,push-a,Flat DB bench press,16,2,10,done,success
2026-09-08,push-a,Flat DB bench press,16,3,10,done,success
2026-09-08,push-a,Flat DB bench press,16,4,10,done,success
2026-09-08,push-a,Seated DB overhead press,12,1,10,done,success
2026-09-08,push-a,Seated DB overhead press,12,2,10,done,success
2026-09-08,push-a,Seated DB overhead press,12,3,10,done,success
2026-09-08,push-a,Squeeze press,8,1,12,done,success
2026-09-08,push-a,Squeeze press,8,2,12,done,success
2026-09-08,push-a,Squeeze press,8,3,12,done,success
2026-09-08,push-a,DB lateral raise,8,1,15,done,success
2026-09-08,push-a,DB lateral raise,8,2,15,done,success
2026-09-08,push-a,DB lateral raise,8,3,15,done,success
2026-09-08,push-a,Lying DB skullcrusher,8,1,12,done,success
2026-09-08,push-a,Lying DB skullcrusher,8,2,12,done,success
2026-09-08,push-a,Lying DB skullcrusher,8,3,12,done,success
2026-09-08,push-a,Pulley pushdown,18,1,15,done,success
2026-09-08,push-a,Pulley pushdown,18,2,15,done,success
2026-09-08,push-a,Pulley pushdown,18,3,15,done,success
2026-09-08,push-a,Hanging knee raises,,1,15,done,success
2026-09-08,push-a,Hanging knee raises,,2,15,done,success
2026-09-08,push-a,Hanging knee raises,,3,15,done,success
2026-09-08,push-a,Side plank,,1,30,done,success
2026-09-08,push-a,Side plank,,2,30,done,success
2026-09-08,push-a,Side plank,,3,30,done,success
2026-09-12,pull-a,Scapular pull-ups,,1,8,done,success
2026-09-12,pull-a,Scapular pull-ups,,2,8,done,success
2026-09-12,pull-a,Straight-arm pulldown (warm-up),10,1,15,done,success
2026-09-12,pull-a,Straight-arm pulldown (warm-up),10,2,15,done,success
2026-09-12,pull-a,Kneeling single-arm pulley pulldown,15,1,15,done,success
2026-09-12,pull-a,Kneeling single-arm pulley pulldown,15,2,15,done,success
2026-09-12,pull-a,Kneeling single-arm pulley pulldown,15,3,15,done,success
2026-09-12,pull-a,Kneeling single-arm pulley pulldown,15,4,15,done,success
2026-09-12,pull-a,Single-arm DB row,22,1,12,done,success
2026-09-12,pull-a,Single-arm DB row,22,2,12,done,success
2026-09-12,pull-a,Single-arm DB row,22,3,12,done,success
2026-09-12,pull-a,DB pullover,,1,,missed,fail
2026-09-12,pull-a,DB pullover,,2,,missed,fail
2026-09-12,pull-a,DB pullover,,3,,missed,fail
2026-09-12,pull-a,Face pulls,15,1,20,done,success
2026-09-12,pull-a,Face pulls,15,2,20,done,success
2026-09-12,pull-a,Face pulls,15,3,20,done,success
2026-09-12,pull-a,Incline DB curl,10,1,12,done,success
2026-09-12,pull-a,Incline DB curl,10,2,10,done,success
2026-09-12,pull-a,Incline DB curl,10,3,8,done,success
2026-09-12,pull-a,Zottman curl,6,1,15,done,success
2026-09-12,pull-a,Zottman curl,6,2,15,done,success
2026-09-14,push-b,Arnold press,10,1,10,done,success
2026-09-14,push-b,Arnold press,10,2,10,done,success
2026-09-14,push-b,Arnold press,10,3,10,done,success
2026-09-14,push-b,Arnold press,10,4,10,done,success
2026-09-14,push-b,Incline DB press,14,1,12,done,success
2026-09-14,push-b,Incline DB press,14,2,12,done,success
2026-09-14,push-b,Incline DB press,14,3,12,done,success
2026-09-14,push-b,Close-grip DB press,10,1,12,done,success
2026-09-14,push-b,Close-grip DB press,10,2,12,done,success
2026-09-14,push-b,Close-grip DB press,10,3,12,done,success
2026-09-14,push-b,DB upright row,10,1,15,done,success
2026-09-14,push-b,DB upright row,10,2,15,done,success
2026-09-14,push-b,DB upright row,10,3,15,done,success
2026-09-14,push-b,Prone incline Y-raise,2,1,15,done,success
2026-09-14,push-b,Prone incline Y-raise,2,2,15,done,success
2026-09-14,push-b,Prone incline Y-raise,2,3,15,done,success
2026-09-14,push-b,Seated DB overhead extension,16,1,12,done,success
2026-09-14,push-b,Seated DB overhead extension,16,2,12,done,success
2026-09-14,push-b,Seated DB overhead extension,16,3,12,done,success
2026-09-14,push-b,DB side bend,16,1,15,done,success
2026-09-14,push-b,DB side bend,16,2,15,done,success
2026-09-14,push-b,DB side bend,16,3,15,done,success
2026-09-20,pull-b,Scapular pull-ups,,1,8,done,success
2026-09-20,pull-b,Scapular pull-ups,,2,8,done,success
2026-09-20,pull-b,Straight-arm pulldown (warm-up),10,1,15,done,success
2026-09-20,pull-b,Straight-arm pulldown (warm-up),10,2,15,done,success
2026-09-20,pull-b,"Chest-supported DB row, elbows flared",18,1,12,done,success
2026-09-20,pull-b,"Chest-supported DB row, elbows flared",18,2,12,done,success
2026-09-20,pull-b,"Chest-supported DB row, elbows flared",18,3,12,done,success
2026-09-20,pull-b,"Chest-supported DB row, elbows flared",18,4,12,done,success
2026-09-20,pull-b,Straight-arm pulldown,18,1,15,done,success
2026-09-20,pull-b,Straight-arm pulldown,18,2,15,done,success
2026-09-20,pull-b,Straight-arm pulldown,18,3,15,done,success
2026-09-20,pull-b,Prone incline T-raise,2,1,15,done,success
2026-09-20,pull-b,Prone incline T-raise,2,2,15,done,success
2026-09-20,pull-b,Prone incline T-raise,2,3,15,done,success
2026-09-20,pull-b,Hammer curl,12,1,12,done,success
2026-09-20,pull-b,Hammer curl,12,2,12,done,success
2026-09-20,pull-b,Hammer curl,12,3,12,done,success
2026-09-20,pull-b,Spider curl,10,1,12,done,success
2026-09-20,pull-b,Spider curl,10,2,12,done,success
2026-09-20,pull-b,Spider curl,10,3,12,done,success
2026-09-20,pull-b,Side plank,,1,60,done,fail
2026-09-20,pull-b,Side plank,,2,60,done,fail
2026-09-20,pull-b,Side plank,,3,,missed,fail
